,Item_name,Item number 1,Item number 2,Item number 3
0,Active classic boxers,Cap 1 boxer briefs|уровень: 0.251520| id: 18,Cap 1 bottoms|уровень: 0.197339| id: 17,Active boxer briefs|уровень: 0.196278| id: 493
1,Active sport boxer briefs,Active sport briefs|уровень: 0.528829| id: 2,Active briefs|уровень: 0.140213| id: 299,Active boy shorts|уровень: 0.109527| id: 298
2,Active sport briefs,Active sport boxer briefs|уровень: 0.528829| id: 1,Active briefs|уровень: 0.124742| id: 299,Active boy shorts|уровень: 0.111375| id: 298
3,Alpine guide pants,Alpine guide pants|уровень: 0.900038| id: 158,Guide jkt|уровень: 0.124067| id: 183,Rock guide pants|уровень: 0.117735| id: 342
4,Alpine wind jkt,Alpine wind jkt|уровень: 0.970987| id: 307,Multi use shorts|уровень: 0.074603| id: 206,Nine trails shorts|уровень: 0.065584| id: 96
5,Ascensionist jkt,Guide jkt|уровень: 0.252867| id: 183,Guide jkt|уровень: 0.251258| id: 437,Microburst jkt|уровень: 0.169408| id: 414
6,Atom,Pocket pack|уровень: 0.290152| id: 103,Hip pack|уровень: 0.267980| id: 402,Single shot|уровень: 0.206894| id: 353
7,Print banded betina btm,Solid betina btm|уровень: 0.922950| id: 219,Print bayonne btm|уровень: 0.337909| id: 239,Print sunamee btm|уровень: 0.281475| id: 261
8,Baby micro d-luxe cardigan,Micro d-luxe cardigan|уровень: 0.377210| id: 416,Araveto hooded jkt|уровень: 0.103062| id: 459,Synch snap-t|уровень: 0.097116| id: 319
9,Baby sun bucket hat,Trim brim hat|уровень: 0.377305| id: 424,Baby baggies shorts|уровень: 0.196711| id: 465,Girl's baggies shorts|уровень: 0.167439| id: 427
10,Baby sunshade top,Sunshade hoody|уровень: 0.368855| id: 418,Baby baggies apron dress|уровень: 0.123004| id: 464,Sunshade shirt|уровень: 0.094708| id: 411
11,Baggies shorts,River shorts|уровень: 0.250181| id: 401,Baggies shorts|уровень: 0.115849| id: 407,Baby baggies shorts|уровень: 0.111197| id: 465
12,Beach bucket,Bimini cap|уровень: 0.167301| id: 478,Surf brim|уровень: 0.165866| id: 134,Logo visor|уровень: 0.154111| id: 448
13,Better sweater jkt,Better sweater jkt|уровень: 0.366073| id: 165,Traverse jkt|уровень: 0.086355| id: 231,Aravis jkt|уровень: 0.077931| id: 160
14,Borderless shorts-11 in.,Borderless shorts-7 in.|уровень: 0.645266| id: 15,Borderless trek pants|уровень: 0.442608| id: 483,Borderless messenger shorts|уровень: 0.429620| id: 479
15,Borderless shorts-7 in.,Borderless shorts-11 in.|уровень: 0.645266| id: 14,Borderless trek pants|уровень: 0.443933| id: 483,Borderless messenger shorts|уровень: 0.433655| id: 479
16,Bucket hat,Trim brim hat|уровень: 0.144782| id: 424,Surf brim|уровень: 0.131716| id: 134,Baby sun bucket hat|уровень: 0.123782| id: 9
17,Cap 1 bottoms,Cap 1 bottoms|уровень: 0.577945| id: 170,Cap 1 t-shirt|уровень: 0.450300| id: 20,Cap 1 t-shirt|уровень: 0.438369| id: 171
18,Cap 1 boxer briefs,Active boxer briefs|уровень: 0.655374| id: 493,Active classic boxers|уровень: 0.251520| id: 0,Active briefs|уровень: 0.214356| id: 494
19,Cap 1 graphic t-shirt,Cap 1 graphic t-shirt|уровень: 0.698879| id: 339,Cap 1 graphic crew|уровень: 0.676143| id: 487,Cap 1 t-shirt|уровень: 0.547008| id: 20
20,Cap 1 t-shirt,Cap 1 graphic crew|уровень: 0.585118| id: 487,Cap 1 crew|уровень: 0.579353| id: 486,Cap 1 graphic t-shirt|уровень: 0.547008| id: 19
21,Cap 2 t-shirt,Cap 2 crew|уровень: 0.759144| id: 496,Cap 2 t-shirt|уровень: 0.736129| id: 359,Cap 2 cap sleeve|уровень: 0.668994| id: 358
22,Cap 2 zip neck,Cap 2 zip neck|уровень: 0.662577| id: 174,Cap 2 t-shirt|уровень: 0.623540| id: 21,Cap 2 crew|уровень: 0.583556| id: 496
23,Cap 3 zip neck,Cap 3 crew|уровень: 0.687407| id: 440,Cap 3 crew|уровень: 0.641206| id: 442,Cap 3 bottoms|уровень: 0.500395| id: 441
24,Cap 4 bottoms,Cap 4 bottoms|уровень: 0.711088| id: 175,Cap 4 zip neck|уровень: 0.468970| id: 276,Cap 4 zip neck|уровень: 0.449686| id: 445
25,City by the sea t-shirt,Live simply bug t-shirt|уровень: 0.424263| id: 70,Dragoons t-shirt|уровень: 0.419082| id: 35,Future of the earth t-shirt|уровень: 0.399615| id: 422
26,Compound cargo pants,Compound cargo pants|уровень: 0.995320| id: 451,Compound cargo pants|уровень: 0.987283| id: 27,Compound cargo shorts|уровень: 0.385194| id: 452
27,Compound cargo pants,Compound cargo pants|уровень: 0.987283| id: 26,Compound cargo pants|уровень: 0.987130| id: 451,Compound cargo shorts|уровень: 0.382025| id: 452
28,Continental shorts,Continental pants|уровень: 0.433241| id: 453,Inter-continental capris|уровень: 0.140370| id: 186,Inter-continental shorts|уровень: 0.135242| id: 305
29,Cotton board shorts,Paddler board shorts|уровень: 0.221290| id: 99,Minimalist board shorts-19 in.|уровень: 0.136303| id: 91,Light and variable surf trunks|уровень: 0.118490| id: 69
30,Crosstown,Lightwire brief|уровень: 0.309688| id: 436,Lightwire|уровень: 0.307259| id: 435,Pocket pack|уровень: 0.275352| id: 103
31,Custodian pants,Custodian pants|уровень: 0.990628| id: 462,Custodian pants|уровень: 0.974804| id: 461,All-wear cargo shorts|уровень: 0.370260| id: 498
32,Deep wading jkt,Guidewater jkt|уровень: 0.379559| id: 50,Sst jkt|уровень: 0.178202| id: 128,Rain shadow trench coat|уровень: 0.137525| id: 351
33,Delivery shorts,All-wear cargo shorts|уровень: 0.275594| id: 498,Custodian pants|уровень: 0.247398| id: 31,Custodian pants|уровень: 0.247322| id: 462
34,Down sweater vest,Down sweater vest|уровень: 0.877055| id: 281,Down sweater|уровень: 0.392669| id: 472,Down sweater|уровень: 0.324374| id: 178
35,Dragoons t-shirt,City by the sea t-shirt|уровень: 0.419082| id: 25,La surfer maria t-shirt|уровень: 0.409051| id: 67,Live simply bug t-shirt|уровень: 0.329443| id: 70
36,Duck pants,Duck pants|уровень: 0.992493| id: 481,Duck pants|уровень: 0.979733| id: 480,Duck shorts|уровень: 0.271512| id: 482
37,Elias fz sweatshirt,Elias sweatshirt|уровень: 0.254672| id: 38,Cotton fleece hoody|уровень: 0.154501| id: 278,Margot dress|уровень: 0.129399| id: 198
38,Elias sweatshirt,Elias fz sweatshirt|уровень: 0.254672| id: 37,Cotton fleece hoody|уровень: 0.116460| id: 278,Margot dress|уровень: 0.111854| id: 198
39,Fezzman shirt,S/s casitas shirt|уровень: 0.296703| id: 356,S/s puckerware shirt|уровень: 0.196761| id: 126,Drift shirt|уровень: 0.150134| id: 282
40,Fish frenzy t-shirt,Peregrine t-shirt|уровень: 0.461839| id: 371,North coast t-shirt|уровень: 0.398208| id: 287,Butterfly logo t-shirt|уровень: 0.361194| id: 169
41,Freewheeler,Freewheeler max|уровень: 0.808340| id: 420,Mlc wheelie|уровень: 0.197737| id: 93,Mlc|уровень: 0.155085| id: 429
42,Gi ii pants,Gi ii zip-off pants|уровень: 0.526590| id: 426,Gi ii shorts|уровень: 0.304869| id: 43,River shorts|уровень: 0.112392| id: 401
43,Gi ii shorts,Gi ii zip-off pants|уровень: 0.375450| id: 426,Gi ii pants|уровень: 0.304869| id: 42,River shorts|уровень: 0.161753| id: 401
44,Girl's boardie capris,Girl's boardie shorts|уровень: 0.227332| id: 45,Boardie shorts|уровень: 0.164617| id: 408,Girl's baggies shorts|уровень: 0.108027| id: 427
45,Girl's boardie shorts,Boardie shorts|уровень: 0.642195| id: 408,Girl's boardie capris|уровень: 0.227332| id: 44,Baby baggies shorts|уровень: 0.080475| id: 465
46,Girl's cotton tank dress,S/s squeaky clean polo shirt|уровень: 0.130738| id: 362,Lithia dress|уровень: 0.096776| id: 191,Simply organic tee|уровень: 0.094090| id: 249
47,Going big in b.c. poster,Wyoming climbing poster|уровень: 0.855529| id: 237,Sticks 'n stones morocco poster|уровень: 0.841103| id: 370,"Wild steelhead, alaska poster|уровень: 0.825701| id: 395"
48,Great divider,Sub divider|уровень: 0.766068| id: 133,Guidewater duffle|уровень: 0.067071| id: 49,Guidewater duffle|уровень: 0.062898| id: 438
49,Guidewater duffle,Guidewater duffle|уровень: 0.816528| id: 438,Stormfront pack|уровень: 0.139751| id: 130,Pack vest|уровень: 0.072126| id: 367
50,Guidewater jkt,Sst jkt|уровень: 0.458408| id: 128,Deep wading jkt|уровень: 0.379559| id: 32,Guidewater shirt|уровень: 0.102310| id: 444
51,Guidewater shorts,Guidewater pants|уровень: 0.863315| id: 443,Marlwalker pants|уровень: 0.108345| id: 398,Paddler board shorts|уровень: 0.095864| id: 99
52,Guidewater vest,Riverwalker vest|уровень: 0.492140| id: 341,Double haul|уровень: 0.081299| id: 471,Guidewater jkt|уровень: 0.070780| id: 50
53,Highwater pfd vest,Hip chest pack|уровень: 0.062090| id: 54,Trucker hat|уровень: 0.058565| id: 144,Pack vest|уровень: 0.056665| id: 367
54,Hip chest pack,Double haul|уровень: 0.394063| id: 471,Pack vest|уровень: 0.177166| id: 367,Hip pack|уровень: 0.106769| id: 402
55,Iceberg t-shirt,Cerro torre one t-shirt|уровень: 0.430504| id: 447,Wind path t-shirt|уровень: 0.413128| id: 396,Rockpile t-shirt|уровень: 0.409705| id: 115
56,Insulator pants,Shelled insulator pants|уровень: 0.252558| id: 348,Cap 4 bottoms|уровень: 0.122983| id: 24,Cap 4 bottoms|уровень: 0.115869| id: 175
57,'73 logo t-shirt,Gpiw classic t-shirt|уровень: 0.981031| id: 63,Flying fish t-shirt|уровень: 0.932645| id: 62,Live simply guitar t-shirt|уровень: 0.915420| id: 64
58,Borderless gi shorts,Borderless pants|уровень: 0.150139| id: 327,Borderless messenger shorts|уровень: 0.146456| id: 479,Gi ii shorts|уровень: 0.142673| id: 43
59,Cap 1 graphic tee,Cap 1 graphic t-shirt|уровень: 0.152481| id: 19,Cap 1 crew|уровень: 0.152400| id: 486,Cap 3 crew|уровень: 0.149222| id: 412
60,Cap 3 bottoms,Cap 3 crew|уровень: 0.451042| id: 412,Cap 3 bottoms|уровень: 0.120194| id: 439,Cap 1 bottoms|уровень: 0.118288| id: 17
61,El cap jkt,El cap jkt|уровень: 0.176549| id: 179,Synch marsupial|уровень: 0.119986| id: 65,Baby synch cardigan|уровень: 0.104260| id: 473
62,Flying fish t-shirt,Gpiw classic t-shirt|уровень: 0.942490| id: 63,'73 logo t-shirt|уровень: 0.932645| id: 57,Live simply guitar t-shirt|уровень: 0.879456| id: 64
63,Gpiw classic t-shirt,'73 logo t-shirt|уровень: 0.981031| id: 57,Flying fish t-shirt|уровень: 0.942490| id: 62,Live simply guitar t-shirt|уровень: 0.925084| id: 64
64,Live simply guitar t-shirt,Gpiw classic t-shirt|уровень: 0.925084| id: 63,'73 logo t-shirt|уровень: 0.915420| id: 57,Flying fish t-shirt|уровень: 0.879456| id: 62
65,Synch marsupial,Baby synch cardigan|уровень: 0.300266| id: 473,Baby synch vest|уровень: 0.294084| id: 474,Synch vest|уровень: 0.208553| id: 229
66,Torrentshell jkt,Torrentshell pants|уровень: 0.232277| id: 423,Rain shadow trench coat|уровень: 0.205457| id: 351,Torrentshell jkt|уровень: 0.136629| id: 273
67,La surfer maria t-shirt,Mountain island t-shirt|уровень: 0.501879| id: 94,Organic logo t-shirt|уровень: 0.450207| id: 97,Dragoons t-shirt|уровень: 0.409051| id: 35
68,Lead an examined life poster,Symmetry w16 poster|уровень: 0.871191| id: 318,Going big in b.c. poster|уровень: 0.815047| id: 47,Wyoming climbing poster|уровень: 0.813333| id: 237
69,Light and variable surf trunks,Paddler board shorts|уровень: 0.178383| id: 99,Wavefarer board shorts-21 in.|уровень: 0.166278| id: 394,Cotton board shorts|уровень: 0.118490| id: 29
70,Live simply bug t-shirt,City by the sea t-shirt|уровень: 0.424263| id: 25,La surfer maria t-shirt|уровень: 0.370994| id: 67,Dragoons t-shirt|уровень: 0.329443| id: 35
71,Live simply deer t-shirt,Live simply deer t-shirt|уровень: 0.830653| id: 333,The more you know t-shirt|уровень: 0.409054| id: 138,Flying fish 2 t-shirt|уровень: 0.350885| id: 490
72,Live simply guitar t-shirt,Live simply guitar t-shirt|уровень: 0.887576| id: 334,Trout silhouette t-shirt|уровень: 0.356701| id: 143,Yosemite essence t-shirt|уровень: 0.330761| id: 238
73,Logo hat,Logo visor|уровень: 0.160002| id: 448,Surf brim|уровень: 0.141969| id: 134,Beach bucket|уровень: 0.126013| id: 12
74,L/s hooded rashguard,L/s rashguard|уровень: 0.659148| id: 76,S/s rashguard|уровень: 0.604728| id: 360,L/s rashguard|уровень: 0.312347| id: 194
75,L/s island hopper shirt,S/s island hopper shirt|уровень: 0.835239| id: 124,Fezzman shirt|уровень: 0.134965| id: 39,Simply organic polo|уровень: 0.116766| id: 247
76,L/s rashguard,S/s rashguard|уровень: 0.930080| id: 360,L/s hooded rashguard|уровень: 0.659148| id: 74,L/s rashguard|уровень: 0.345305| id: 194
77,L/s steersman shirt,Hooded monk sweatshirt|уровень: 0.101496| id: 403,S/s a/c shirt|уровень: 0.087780| id: 224,Three trees shirt|уровень: 0.084569| id: 139
78,Lw endurance ankle socks,Lw endurance quarter socks|уровень: 0.664763| id: 79,Ultra lw endurance ped socks|уровень: 0.564978| id: 338,Lw hiking crew socks|уровень: 0.273543| id: 80
79,Lw endurance quarter socks,Lw endurance ankle socks|уровень: 0.664763| id: 78,Ultra lw endurance ped socks|уровень: 0.616365| id: 338,Lw hiking crew socks|уровень: 0.302040| id: 80
80,Lw hiking crew socks,Ulw hiking crew socks|уровень: 0.602152| id: 147,Mw hiking crew socks|уровень: 0.430619| id: 456,Lw endurance quarter socks|уровень: 0.302040| id: 79
81,Lw r4 jkt,Lw r4 jkt|уровень: 0.942544| id: 379,R2 jkt|уровень: 0.105022| id: 380,R1 hoody|уровень: 0.093087| id: 104
82,Lw travel duffel,Lw travel pack|уровень: 0.393147| id: 83,Lw travel tote|уровень: 0.375670| id: 393,Lw travel courier|уровень: 0.369153| id: 388
83,Lw travel pack,Lw travel tote|уровень: 0.500075| id: 393,Lw travel duffel|уровень: 0.393147| id: 82,Lw travel courier|уровень: 0.389023| id: 388
84,M10 jkt,M10 jkt|уровень: 0.958211| id: 196,M10 pants|уровень: 0.306647| id: 85,Torrentshell jkt|уровень: 0.193979| id: 326
85,M10 pants,M10 jkt|уровень: 0.306647| id: 84,M10 jkt|уровень: 0.304355| id: 196,Torrentshell pants|уровень: 0.163256| id: 423
86,Merino 1 crew,Merino 1 t-shirt|уровень: 0.647271| id: 87,Merino 1 crew|уровень: 0.593752| id: 259,Merino 1 t-shirt|уровень: 0.582083| id: 264
87,Merino 1 t-shirt,Merino 1 crew|уровень: 0.717808| id: 259,Merino 1 graphic t-shirt|уровень: 0.702807| id: 199,Merino 1 t-shirt|уровень: 0.670190| id: 264
88,Merino 2 polo,Merino 2 t-shirt|уровень: 0.723063| id: 89,Merino 2 bottoms|уровень: 0.629619| id: 405,Merino 2 bottoms|уровень: 0.624921| id: 265
89,Merino 2 t-shirt,Merino 2 crew|уровень: 0.737791| id: 406,Merino 2 polo|уровень: 0.723063| id: 88,Merino 2 t-shirt|уровень: 0.657052| id: 268
90,Migration hemp shirt,S/s puckerware shirt|уровень: 0.178902| id: 126,Simply organic polo|уровень: 0.157723| id: 247,S/s a/c shirt|уровень: 0.155179| id: 355
91,Minimalist board shorts-19 in.,Twenty-three's board shorts|уровень: 0.550395| id: 145,Wavefarer board shorts-21 in.|уровень: 0.506408| id: 394,Paddler board shorts|уровень: 0.243449| id: 99
92,Minimass,Mlc burrito|уровень: 0.186269| id: 430,Half mass|уровень: 0.184545| id: 485,Hip pack|уровень: 0.177199| id: 402
93,Mlc wheelie,Mlc|уровень: 0.314703| id: 429,Freewheeler|уровень: 0.197737| id: 41,Freewheeler max|уровень: 0.182453| id: 420
94,Mountain island t-shirt,Organic logo t-shirt|уровень: 0.517686| id: 97,La surfer maria t-shirt|уровень: 0.501879| id: 67,Hills t-shirt|уровень: 0.418118| id: 184
95,Nine trails jkt,Nine trails jkt|уровень: 0.934679| id: 280,Nine trails vest|уровень: 0.450653| id: 363,Nine trails vest|уровень: 0.449608| id: 209
96,Nine trails shorts,Nine trails shorts|уровень: 0.792338| id: 208,Ultra shorts|уровень: 0.381342| id: 146,Long haul runners|уровень: 0.359433| id: 449
97,Organic logo t-shirt,Mountain island t-shirt|уровень: 0.517686| id: 94,La surfer maria t-shirt|уровень: 0.450207| id: 67,Hills t-shirt|уровень: 0.434806| id: 184
98,O web belt,Tech web belt|уровень: 0.396576| id: 136,Travel belt|уровень: 0.279397| id: 141,Friction belt|уровень: 0.205746| id: 421
99,Paddler board shorts,Minimalist board shorts-19 in.|уровень: 0.243449| id: 91,Cotton board shorts|уровень: 0.221290| id: 29,Light and variable surf trunks|уровень: 0.178383| id: 69
100,Pataloha shirt,Special edition pataloha shirt|уровень: 0.212562| id: 122,Super cali shorts|уровень: 0.112134| id: 228,Sleeveless a/c shirt|уровень: 0.107770| id: 217
101,Planer t-shirt,Trout head t-shirt|уровень: 0.394708| id: 332,Yosemite essence t-shirt|уровень: 0.374751| id: 238,Fitz roy study t-shirt|уровень: 0.359078| id: 488
102,Platform t-shirt,Rockpile t-shirt|уровень: 0.305322| id: 115,World according to bikers t-shir|уровень: 0.286492| id: 150,Sonar so no t-shirt|уровень: 0.272593| id: 121
103,Pocket pack,Lightwire|уровень: 0.308761| id: 435,Atom|уровень: 0.290152| id: 6,Hip pack|уровень: 0.286333| id: 402
104,R1 hoody,R1 full-zip jkt|уровень: 0.362217| id: 262,R1 full-zip jkt|уровень: 0.362056| id: 377,R1 p/o|уровень: 0.226273| id: 263
105,R1 p/o,R1 p/o|уровень: 0.795936| id: 263,R1 full-zip jkt|уровень: 0.248521| id: 262,R1 full-zip jkt|уровень: 0.248411| id: 377
106,Rain shadow pants,Rain shadow pants|уровень: 0.998546| id: 350,Rain shadow jkt|уровень: 0.384620| id: 211,Rain shadow jkt|уровень: 0.382136| id: 381
107,Reg fit organic ctn jeans-long,Reg fit organic ctn jeans-short|уровень: 0.985474| id: 389,Reg fit organic ctn jeans-reg|уровень: 0.971159| id: 108,Relax fit organic ctn jeans-long|уровень: 0.330497| id: 390
108,Reg fit organic ctn jeans-reg,Reg fit organic ctn jeans-short|уровень: 0.985474| id: 389,Reg fit organic ctn jeans-long|уровень: 0.971159| id: 107,Relax fit organic ctn jeans-reg|уровень: 0.330497| id: 391
109,Relax fit organic ctn jeans-shor,Relax fit organic ctn jeans-reg|уровень: 0.984554| id: 391,Relax fit organic ctn jeans-long|уровень: 0.984554| id: 390,Reg fit organic ctn jeans-short|уровень: 0.309985| id: 389
110,Remat,Live simply bug t-shirt|уровень: 0.038815| id: 70,Live simply guitar t-shirt|уровень: 0.037638| id: 64,Girl's live simply deer t-shirt|уровень: 0.036730| id: 431
111,Retro grade pants,Retro grade shorts|уровень: 0.595856| id: 399,Pinback top|уровень: 0.095849| id: 289,Delivery shorts|уровень: 0.084560| id: 33
112,Riverwalker,Riverwalker|уровень: 0.959762| id: 113,Riverwalker|уровень: 0.908747| id: 419,Marlwalker|уровень: 0.574723| id: 397
113,Riverwalker,Riverwalker|уровень: 0.959762| id: 112,Riverwalker|уровень: 0.892922| id: 419,Marlwalker|уровень: 0.567188| id: 397
114,Rock guide shorts,Rock guide pants|уровень: 0.377170| id: 342,Rock guide shorts|уровень: 0.277425| id: 213,Rock guide pants|уровень: 0.208766| id: 212
115,Rockpile t-shirt,Cerro torre one t-shirt|уровень: 0.512497| id: 447,Ditch the car-ride t-shirt|уровень: 0.429192| id: 177,'73 logo t-shirt|уровень: 0.417739| id: 492
116,Runshade top,L/s runshade top|уровень: 0.703636| id: 476,Runshade t-shirt|уровень: 0.519936| id: 244,Runshade t-shirt|уровень: 0.490587| id: 347
117,Shop pants,Shop pants|уровень: 0.982248| id: 349,Shop pants|уровень: 0.982035| id: 118,Custodian pants|уровень: 0.126522| id: 461
118,Shop pants,Shop pants|уровень: 0.993439| id: 349,Shop pants|уровень: 0.982035| id: 117,Custodian pants|уровень: 0.124578| id: 462
119,Simple guide jkt,Simple guide jkt|уровень: 0.963694| id: 215,Simple guide pants|уровень: 0.137280| id: 216,Simple guide pants|уровень: 0.129339| id: 352
120,Soaring jkt,Three trees shirt|уровень: 0.126340| id: 139,Compound cargo shorts|уровень: 0.077710| id: 452,All-wear cargo shorts|уровень: 0.076197| id: 498
121,Sonar so no t-shirt,World according to bikers t-shir|уровень: 0.321023| id: 150,Platform t-shirt|уровень: 0.272593| id: 102,Rockpile t-shirt|уровень: 0.250724| id: 115
122,Special edition pataloha shirt,Pataloha shirt|уровень: 0.212562| id: 100,Lithia dress|уровень: 0.158563| id: 191,Kamala dress|уровень: 0.135192| id: 312
123,Squid t-shirt,Cerro torre one t-shirt|уровень: 0.441466| id: 447,Wind path t-shirt|уровень: 0.403650| id: 396,Butterfly logo t-shirt|уровень: 0.399146| id: 169
124,S/s island hopper shirt,L/s island hopper shirt|уровень: 0.835239| id: 75,Fezzman shirt|уровень: 0.131491| id: 39,S/s a/c shirt|уровень: 0.109709| id: 224
125,S/s pragmatist shirt,Fezzman shirt|уровень: 0.133064| id: 39,S/s casitas shirt|уровень: 0.121820| id: 356,S/s squeaky clean polo shirt|уровень: 0.103802| id: 362
126,S/s puckerware shirt,S/s a/c shirt|уровень: 0.223129| id: 355,Fezzman shirt|уровень: 0.196761| id: 39,Migration hemp shirt|уровень: 0.178902| id: 90
127,S/s stretch t,Stretch polo|уровень: 0.400895| id: 131,Vitaliti vee|уровень: 0.112781| id: 322,Versatili-tee|уровень: 0.111812| id: 295
128,Sst jkt,Guidewater jkt|уровень: 0.458408| id: 50,Deep wading jkt|уровень: 0.178202| id: 32,Torrentshell pants|уровень: 0.101171| id: 423
129,Stormfront duffel 100,Minimass|уровень: 0.082747| id: 92,Single shot|уровень: 0.080985| id: 353,Lw travel duffel|уровень: 0.073730| id: 82
130,Stormfront pack,Pocket pack|уровень: 0.163919| id: 103,Atom|уровень: 0.152632| id: 6,Guidewater duffle|уровень: 0.139751| id: 49
131,Stretch polo,S/s stretch t|уровень: 0.400895| id: 127,Hotline top|уровень: 0.097358| id: 291,Vitaliti tank|уровень: 0.096881| id: 235
132,Stretch wading belt,Watermaster hip highs|уровень: 0.175131| id: 149,Watermaster waders|уровень: 0.132221| id: 152,Watermaster waders|уровень: 0.132206| id: 153
133,Sub divider,Great divider|уровень: 0.766068| id: 48,Guidewater duffle|уровень: 0.063807| id: 49,Guidewater duffle|уровень: 0.063138| id: 438
134,Surf brim,Bimini cap|уровень: 0.248381| id: 478,Velocity cap|уровень: 0.226636| id: 148,Logo visor|уровень: 0.216005| id: 448
135,Surf sneaker,Marlwalker|уровень: 0.274080| id: 397,Riverwalker|уровень: 0.209178| id: 112,Riverwalker|уровень: 0.204495| id: 113
136,Tech web belt,Travel belt|уровень: 0.462844| id: 141,O web belt|уровень: 0.396576| id: 98,Friction belt|уровень: 0.301909| id: 421
137,Text logo t-shirt,'73 logo t-shirt|уровень: 0.418548| id: 492,Cerro torre one t-shirt|уровень: 0.328789| id: 447,Rockpile t-shirt|уровень: 0.327573| id: 115
138,The more you know t-shirt,Tarpon t-shirt|уровень: 0.477769| id: 321,Live simply deer t-shirt|уровень: 0.409054| id: 71,Mountain island t-shirt|уровень: 0.401683| id: 94
139,Three trees shirt,Soaring jkt|уровень: 0.126340| id: 120,S/s casitas shirt|уровень: 0.108103| id: 356,Elsa top|уровень: 0.097189| id: 180
140,Torrentshell pants,Torrentshell pants|уровень: 0.982086| id: 274,Torrentshell pants|уровень: 0.164162| id: 423,Torrentshell jkt|уровень: 0.158622| id: 273
141,Travel belt,Tech web belt|уровень: 0.462844| id: 136,Friction belt|уровень: 0.456336| id: 421,O web belt|уровень: 0.279397| id: 98
142,Traverse jkt,Traverse jkt|уровень: 0.732604| id: 231,Traverse pants|уровень: 0.259115| id: 330,Multi use shorts|уровень: 0.090678| id: 206
143,Trout silhouette t-shirt,Permit silhouette t-shirt|уровень: 0.409433| id: 372,Live simply guitar t-shirt|уровень: 0.356701| id: 72,City by the sea t-shirt|уровень: 0.336775| id: 25
144,Trucker hat,Trucker hat|уровень: 0.498094| id: 425,Logo hat|уровень: 0.100940| id: 73,Velocity visor|уровень: 0.060161| id: 343
145,Twenty-three's board shorts,Wavefarer board shorts-21 in.|уровень: 0.667891| id: 394,Minimalist board shorts-19 in.|уровень: 0.550395| id: 91,River shorts|уровень: 0.174010| id: 401
146,Ultra shorts,Long haul runners|уровень: 0.417437| id: 449,Nine trails shorts|уровень: 0.381342| id: 96,Nine trails shorts|уровень: 0.339549| id: 208
147,Ulw hiking crew socks,Lw hiking crew socks|уровень: 0.602152| id: 80,Mw hiking crew socks|уровень: 0.326440| id: 456,Lw endurance quarter socks|уровень: 0.300486| id: 79
148,Velocity cap,Velocity visor|уровень: 0.500125| id: 343,Logo visor|уровень: 0.433629| id: 448,Bimini cap|уровень: 0.337269| id: 478
149,Watermaster hip highs,Watermaster waders|уровень: 0.433092| id: 152,Watermaster waders|уровень: 0.433043| id: 153,Watermaster waders|уровень: 0.432815| id: 354
150,World according to bikers t-shir,Quiet please t-shirt|уровень: 0.431796| id: 376,Flying fish 2 t-shirt|уровень: 0.327044| id: 490,Rockpile t-shirt|уровень: 0.326201| id: 115
151,World trout t-shirt,Trout head t-shirt|уровень: 0.304302| id: 332,Organic logo t-shirt|уровень: 0.299794| id: 97,City by the sea t-shirt|уровень: 0.293634| id: 25
152,Watermaster waders,Watermaster waders|уровень: 0.990481| id: 153,Watermaster waders|уровень: 0.989958| id: 354,Watermaster waders|уровень: 0.987458| id: 366
153,Watermaster waders,Watermaster waders|уровень: 0.990481| id: 152,Watermaster waders|уровень: 0.989845| id: 354,Watermaster waders|уровень: 0.987346| id: 366
154,Active hipster,Active briefs|уровень: 0.640783| id: 299,Active boy shorts|уровень: 0.236314| id: 298,Active sport boxer briefs|уровень: 0.107715| id: 1
155,Active mesh bra,Active classic cami|уровень: 0.206813| id: 300,Sport top|уровень: 0.156919| id: 257,Barely everyday bra (b/c)|уровень: 0.144727| id: 316
156,All-out capris,Borderless messenger shorts|уровень: 0.162496| id: 479,Borderless trek pants|уровень: 0.153045| id: 483,Borderless shorts-7 in.|уровень: 0.145577| id: 15
157,All weather training top,All weather capris|уровень: 0.207109| id: 303,Runshade t-shirt|уровень: 0.107086| id: 347,Runshade t-shirt|уровень: 0.105441| id: 244
158,Alpine guide pants,Alpine guide pants|уровень: 0.900038| id: 3,Guide jkt|уровень: 0.130734| id: 183,Rock guide pants|уровень: 0.115286| id: 342
159,Aravis hoody,Aravis jkt|уровень: 0.476616| id: 160,Aravis 1/4 zip|уровень: 0.350199| id: 308,Better sweater jkt|уровень: 0.255611| id: 165
160,Aravis jkt,Aravis 1/4 zip|уровень: 0.536791| id: 308,Aravis hoody|уровень: 0.476616| id: 159,Better sweater jkt|уровень: 0.297030| id: 165
161,Astrid tank,Astrid top|уровень: 0.582732| id: 309,Astrid wrap|уровень: 0.324548| id: 310,Versatiliti tank|уровень: 0.145076| id: 297
162,Bandha dress,Bandha top|уровень: 0.329473| id: 163,Morning glory dress|уровень: 0.309763| id: 270,Corinne dress|уровень: 0.304164| id: 277
163,Bandha top,Bandha dress|уровень: 0.329473| id: 162,Morning glory skirt|уровень: 0.270501| id: 271,Morning glory tights|уровень: 0.225915| id: 272
164,Barely bikini,Barely hipster|уровень: 0.622367| id: 317,Barely bra (a/b)|уровень: 0.552321| id: 315,Barely everyday bra (b/c)|уровень: 0.466437| id: 316
165,Better sweater jkt,Better sweater jkt|уровень: 0.366073| id: 13,Aravis jkt|уровень: 0.297030| id: 160,Aravis hoody|уровень: 0.255611| id: 159
166,Birdwalk t-shirt,Kite town t-shirt|уровень: 0.621010| id: 314,Owlin around t-shirt|уровень: 0.585388| id: 288,Hills t-shirt|уровень: 0.566723| id: 184
167,Borderless capris,Borderless zip-off pants|уровень: 0.626626| id: 329,Borderless pants|уровень: 0.602311| id: 327,Borderless shorts|уровень: 0.415582| id: 328
168,Bouquet t-shirt,Hills t-shirt|уровень: 0.575923| id: 184,Wheat t-shirt|уровень: 0.522840| id: 236,Owlin around t-shirt|уровень: 0.504174| id: 288
169,Butterfly logo t-shirt,Ditch the car-ride t-shirt|уровень: 0.626628| id: 177,North coast t-shirt|уровень: 0.494246| id: 287,Trampoli t-shirt|уровень: 0.472156| id: 275
170,Cap 1 bottoms,Cap 1 bottoms|уровень: 0.577945| id: 17,Cap 1 t-shirt|уровень: 0.447306| id: 20,Cap 1 crew|уровень: 0.419876| id: 486
171,Cap 1 t-shirt,Cap 1 graphic t-shirt|уровень: 0.626649| id: 339,Cap 1 scoop|уровень: 0.544387| id: 340,Cap 1 crew|уровень: 0.531922| id: 486
172,Cap 2 bottoms,Cap 2 bottoms|уровень: 0.734026| id: 495,Cap 2 crew|уровень: 0.362273| id: 496,Cap 2 t-shirt|уровень: 0.338826| id: 21
173,Cap 2 v-neck,Cap 2 zip neck|уровень: 0.684893| id: 174,Cap 2 crew|уровень: 0.526407| id: 496,Cap 2 t-shirt|уровень: 0.498563| id: 21
174,Cap 2 zip neck,Cap 2 v-neck|уровень: 0.684893| id: 173,Cap 2 zip neck|уровень: 0.662577| id: 22,Cap 2 crew|уровень: 0.522730| id: 496
175,Cap 4 bottoms,Cap 4 bottoms|уровень: 0.711088| id: 24,Cap 4 zip neck|уровень: 0.465980| id: 276,Cap 4 zip neck|уровень: 0.436022| id: 445
176,Dala horse t-shirt,Trampoli t-shirt|уровень: 0.569819| id: 275,North coast t-shirt|уровень: 0.434535| id: 287,Live simply deer t-shirt|уровень: 0.429229| id: 333
177,Ditch the car-ride t-shirt,Butterfly logo t-shirt|уровень: 0.626628| id: 169,Trampoli t-shirt|уровень: 0.554444| id: 275,North coast t-shirt|уровень: 0.519451| id: 287
178,Down sweater,Down sweater|уровень: 0.880004| id: 472,Down sweater vest|уровень: 0.335786| id: 281,Down sweater vest|уровень: 0.324374| id: 34
179,El cap jkt,El cap jkt|уровень: 0.176549| id: 61,Synch vest|уровень: 0.150398| id: 229,Synch vest|уровень: 0.125847| id: 320
180,Elsa top,Elsa tunic|уровень: 0.264856| id: 181,Ester top|уровень: 0.252790| id: 284,Astrid wrap|уровень: 0.112347| id: 310
181,Elsa tunic,Ester top|уровень: 0.279870| id: 284,Elsa top|уровень: 0.264856| id: 180,Astrid tank|уровень: 0.093407| id: 161
182,Gravitee tank,L/s gravi-tee|уровень: 0.343510| id: 336,Versatiliti tank|уровень: 0.098492| id: 297,Versatili-tee|уровень: 0.097152| id: 295
183,Guide jkt,Guide jkt|уровень: 0.909539| id: 437,Ascensionist jkt|уровень: 0.252867| id: 5,Alpine guide pants|уровень: 0.130734| id: 158
184,Hills t-shirt,Owlin around t-shirt|уровень: 0.600199| id: 288,Bouquet t-shirt|уровень: 0.575923| id: 168,Birdwalk t-shirt|уровень: 0.566723| id: 166
185,Inga shorts,Inga shortie|уровень: 0.773543| id: 293,Super cali shorts|уровень: 0.145979| id: 228,Inter-continental shorts|уровень: 0.125532| id: 305
186,Inter-continental capris,Inter-continental shorts|уровень: 0.528468| id: 305,Inter-continental pants|уровень: 0.420521| id: 187,Inter-continental pants|уровень: 0.416627| id: 304
187,Inter-continental pants,Inter-continental pants|уровень: 0.983258| id: 304,Inter-continental capris|уровень: 0.420521| id: 186,Inter-continental shorts|уровень: 0.397101| id: 305
188,Island hemp pants,Island hemp skirt|уровень: 0.511230| id: 189,Island hemp top|уровень: 0.234295| id: 190,Island hemp dress|уровень: 0.205555| id: 306
189,Island hemp skirt,Island hemp pants|уровень: 0.511230| id: 188,Island hemp dress|уровень: 0.283999| id: 306,Island hemp top|уровень: 0.250456| id: 190
190,Island hemp top,Island hemp dress|уровень: 0.372813| id: 306,Island hemp skirt|уровень: 0.250456| id: 189,Island hemp pants|уровень: 0.234295| id: 188
191,Lithia dress,Kamala dress|уровень: 0.371226| id: 312,Kamala skirt|уровень: 0.236011| id: 313,Lithia pants|уровень: 0.229551| id: 192
192,Lithia pants,Kamala skirt|уровень: 0.337114| id: 313,Lithia skirt|уровень: 0.291519| id: 193,Kamala dress|уровень: 0.257417| id: 312
193,Lithia skirt,Kamala skirt|уровень: 0.628760| id: 313,Lithia pants|уровень: 0.291519| id: 192,Lithia dress|уровень: 0.226949| id: 191
194,L/s rashguard,S/s rashguard|уровень: 0.644594| id: 225,L/s rashguard|уровень: 0.345305| id: 76,L/s hooded rashguard|уровень: 0.312347| id: 74
195,L/s runshade top,L/s runshade top|уровень: 0.470912| id: 476,Runshade top|уровень: 0.450609| id: 116,Runshade t-shirt|уровень: 0.428791| id: 244
196,M10 jkt,M10 jkt|уровень: 0.958211| id: 84,M10 pants|уровень: 0.304355| id: 85,Torrentshell jkt|уровень: 0.207389| id: 273
197,Mandeville hoody,L/s gravi-tee|уровень: 0.159376| id: 336,Astrid wrap|уровень: 0.117112| id: 310,Astrid top|уровень: 0.113710| id: 309
198,Margot dress,Kamala dress|уровень: 0.195404| id: 312,Island hemp dress|уровень: 0.130660| id: 306,Undercover cami|уровень: 0.130096| id: 232
199,Merino 1 graphic t-shirt,Merino 1 crew|уровень: 0.954739| id: 259,Merino 1 t-shirt|уровень: 0.904668| id: 264,Merino 1 tank|уровень: 0.883964| id: 200
200,Merino 1 tank,Merino 1 crew|уровень: 0.920282| id: 259,Merino 1 t-shirt|уровень: 0.897054| id: 264,Merino 1 graphic t-shirt|уровень: 0.883964| id: 199
201,Merino 2 crew,Merino 2 t-shirt|уровень: 0.707134| id: 268,Merino 2 bottoms|уровень: 0.633656| id: 405,Merino 2 crew|уровень: 0.631101| id: 406
202,Merino 2 dress,Merino 2 t-shirt|уровень: 0.600882| id: 89,Merino 2 bottoms|уровень: 0.590096| id: 265,Merino 2 polo|уровень: 0.589208| id: 88
203,Micro puff vest,Micro puff vest|уровень: 0.935567| id: 415,Down sweater vest|уровень: 0.168115| id: 34,Down sweater vest|уровень: 0.156008| id: 281
204,Morning glory capris,Morning glory tights|уровень: 0.643688| id: 272,Bandha top|уровень: 0.192142| id: 163,Morning glory dress|уровень: 0.185591| id: 270
205,Morning glory cross-back tank,Morning glory dress|уровень: 0.243112| id: 270,Morning glory skirt|уровень: 0.132696| id: 271,Bandha top|уровень: 0.131829| id: 163
206,Multi use shorts,Multi use skirt|уровень: 0.465361| id: 207,Nine trails shorts|уровень: 0.188677| id: 208,Nine trails shorts|уровень: 0.177326| id: 96
207,Multi use skirt,Multi use shorts|уровень: 0.465361| id: 206,Long haul runners|уровень: 0.156121| id: 449,Nine trails shorts|уровень: 0.148109| id: 208
208,Nine trails shorts,Nine trails shorts|уровень: 0.792338| id: 96,Long haul runners|уровень: 0.403285| id: 449,Ultra shorts|уровень: 0.339549| id: 146
209,Nine trails vest,Nine trails vest|уровень: 0.997683| id: 363,Nine trails jkt|уровень: 0.458206| id: 280,Nine trails jkt|уровень: 0.449608| id: 95
210,R2 jkt,R2 jkt|уровень: 0.926609| id: 380,Lw r4 jkt|уровень: 0.092476| id: 81,R1 hoody|уровень: 0.091162| id: 104
211,Rain shadow jkt,Rain shadow jkt|уровень: 0.933376| id: 381,Rain shadow pants|уровень: 0.384620| id: 106,Rain shadow pants|уровень: 0.384061| id: 350
212,Rock guide pants,Rock guide shorts|уровень: 0.536437| id: 213,Rock guide pants|уровень: 0.366258| id: 342,Rock guide shorts|уровень: 0.208766| id: 114
213,Rock guide shorts,Rock guide pants|уровень: 0.536437| id: 212,Rock guide shorts|уровень: 0.277425| id: 114,Inter-continental shorts|уровень: 0.174695| id: 305
214,Serenity tights,Serenity tights|уровень: 0.998783| id: 246,Serenity capris|уровень: 0.569527| id: 245,Tranquila capri leggings|уровень: 0.202957| id: 230
215,Simple guide jkt,Simple guide jkt|уровень: 0.963694| id: 119,Simple guide pants|уровень: 0.142452| id: 216,Simple guide pants|уровень: 0.134212| id: 352
216,Simple guide pants,Simple guide pants|уровень: 0.776623| id: 352,Rock guide pants|уровень: 0.150058| id: 342,Simple guide jkt|уровень: 0.142452| id: 215
217,Sleeveless a/c shirt,S/s a/c shirt|уровень: 0.528230| id: 224,S/s a/c shirt|уровень: 0.179227| id: 355,Vasana top|уровень: 0.121813| id: 294
218,Solid adour btm,Print adour btm|уровень: 0.916554| id: 290,Print bayonne btm|уровень: 0.371224| id: 239,Print paries btm|уровень: 0.283136| id: 260
219,Solid betina btm,Print banded betina btm|уровень: 0.922950| id: 7,Solid sunamee btm|уровень: 0.289437| id: 254,Print bayonne btm|уровень: 0.286343| id: 239
220,Solid bibiana 1 piece,Print bayonne btm|уровень: 0.293638| id: 239,Print bibiana tankini|уровень: 0.246256| id: 240,Solid adour btm|уровень: 0.234933| id: 218
221,Solid bibiana top,Print bibiana top|уровень: 0.969870| id: 241,Print bibiana tankini|уровень: 0.368039| id: 240,Solid bibiana 1 piece|уровень: 0.204305| id: 220
222,Solimar pants,Solimar shorts|уровень: 0.593509| id: 223,Solimar skirt|уровень: 0.356276| id: 255,Inter-continental pants|уровень: 0.189644| id: 187
223,Solimar shorts,Solimar pants|уровень: 0.593509| id: 222,Solimar skirt|уровень: 0.345690| id: 255,Inter-continental shorts|уровень: 0.197416| id: 305
224,S/s a/c shirt,Sleeveless a/c shirt|уровень: 0.528230| id: 217,S/s a/c shirt|уровень: 0.221857| id: 355,Vasana top|уровень: 0.130510| id: 294
225,S/s rashguard,L/s rashguard|уровень: 0.644594| id: 194,S/s rashguard|уровень: 0.372025| id: 360,L/s rashguard|уровень: 0.293766| id: 76
226,S/s sol patrol shirt,Sol patrol shirt|уровень: 0.505255| id: 256,Sun shelter shirt|уровень: 0.194991| id: 227,S/s sol patrol shirt|уровень: 0.159050| id: 361
227,Sun shelter shirt,S/s sol patrol shirt|уровень: 0.194991| id: 226,Sol patrol shirt|уровень: 0.159921| id: 256,S/s el ray shirt|уровень: 0.109071| id: 357
228,Super cali shorts,Inga shortie|уровень: 0.157343| id: 293,Inga shorts|уровень: 0.145979| id: 185,Inter-continental shorts|уровень: 0.122555| id: 305
229,Synch vest,Synch vest|уровень: 0.301102| id: 320,Synch marsupial|уровень: 0.208553| id: 65,Baby synch vest|уровень: 0.151969| id: 474
230,Tranquila capri leggings,Serenity capris|уровень: 0.268498| id: 245,Serenity tights|уровень: 0.203204| id: 246,Serenity tights|уровень: 0.202957| id: 214
231,Traverse jkt,Traverse jkt|уровень: 0.732604| id: 142,Traverse pants|уровень: 0.253105| id: 330,Simple guide jkt|уровень: 0.108219| id: 215
232,Undercover cami,Hotline top|уровень: 0.218910| id: 291,Active classic cami|уровень: 0.154561| id: 300,Margot dress|уровень: 0.130096| id: 198
233,Vitaliti dress,Vitaliti skirt|уровень: 0.290029| id: 234,Vitalti pants|уровень: 0.269208| id: 323,Vitaliti vee|уровень: 0.263052| id: 322
234,Vitaliti skirt,Vitaliti dress|уровень: 0.290029| id: 233,Vitaliti vee|уровень: 0.256885| id: 322,Vitalti pants|уровень: 0.217226| id: 323
235,Vitaliti tank,Vitaliti vee|уровень: 0.304064| id: 322,Vitaliti dress|уровень: 0.230313| id: 233,Vitaliti skirt|уровень: 0.214542| id: 234
236,Wheat t-shirt,Owlin around t-shirt|уровень: 0.622864| id: 288,Hills t-shirt|уровень: 0.540354| id: 184,Birdwalk t-shirt|уровень: 0.526699| id: 166
237,Wyoming climbing poster,Going big in b.c. poster|уровень: 0.855529| id: 47,Sticks 'n stones morocco poster|уровень: 0.839334| id: 370,"Wild steelhead, alaska poster|уровень: 0.823965| id: 395"
238,Yosemite essence t-shirt,Planer t-shirt|уровень: 0.374751| id: 101,Permit silhouette t-shirt|уровень: 0.338824| id: 372,Trout silhouette t-shirt|уровень: 0.335726| id: 143
239,Print bayonne btm,Print sunamee btm|уровень: 0.384236| id: 261,Print adour btm|уровень: 0.379153| id: 290,Solid adour btm|уровень: 0.371224| id: 218
240,Print bibiana tankini,Print bibiana top|уровень: 0.389694| id: 241,Solid bibiana top|уровень: 0.368039| id: 221,Solid bibiana 1 piece|уровень: 0.246256| id: 220
241,Print bibiana top,Solid bibiana top|уровень: 0.969870| id: 221,Print bibiana tankini|уровень: 0.389694| id: 240,Print boucau halter top|уровень: 0.202049| id: 242
242,Print boucau halter top,Solid boucau halter top|уровень: 0.972024| id: 251,Print kupala top|уровень: 0.208501| id: 243,Solid kupala top|уровень: 0.202962| id: 252
243,Print kupala top,Solid kupala top|уровень: 0.967828| id: 252,Print boucau halter top|уровень: 0.208501| id: 242,Solid boucau halter top|уровень: 0.202972| id: 251
244,Runshade t-shirt,Runshade t-shirt|уровень: 0.777504| id: 347,Runshade top|уровень: 0.519936| id: 116,L/s runshade top|уровень: 0.474912| id: 476
245,Serenity capris,Serenity tights|уровень: 0.570222| id: 246,Serenity tights|уровень: 0.569527| id: 214,Tranquila capri leggings|уровень: 0.268498| id: 230
246,Serenity tights,Serenity tights|уровень: 0.998783| id: 214,Serenity capris|уровень: 0.570222| id: 245,Tranquila capri leggings|уровень: 0.203204| id: 230
247,Simply organic polo,Simply organic tank|уровень: 0.308492| id: 248,Migration hemp shirt|уровень: 0.157723| id: 90,Simply organic top|уровень: 0.149437| id: 250
248,Simply organic tank,Simply organic polo|уровень: 0.308492| id: 247,Simply organic top|уровень: 0.146224| id: 250,Simply organic tee|уровень: 0.144229| id: 249
249,Simply organic tee,Simply organic top|уровень: 0.546628| id: 250,Simply organic tank|уровень: 0.144229| id: 248,Simply organic polo|уровень: 0.137110| id: 247
250,Simply organic top,Simply organic tee|уровень: 0.546628| id: 249,Simply organic polo|уровень: 0.149437| id: 247,Simply organic tank|уровень: 0.146224| id: 248
251,Solid boucau halter top,Print boucau halter top|уровень: 0.972024| id: 242,Solid kupala top|уровень: 0.209046| id: 252,Print kupala top|уровень: 0.202972| id: 243
252,Solid kupala top,Print kupala top|уровень: 0.967828| id: 243,Solid boucau halter top|уровень: 0.209046| id: 251,Print boucau halter top|уровень: 0.202962| id: 242
253,Solid paries btm,Print paries btm|уровень: 0.855269| id: 260,Solid adour btm|уровень: 0.281185| id: 218,Print bayonne btm|уровень: 0.271077| id: 239
254,Solid sunamee btm,Print sunamee btm|уровень: 0.943514| id: 261,Print bayonne btm|уровень: 0.370490| id: 239,Solid betina btm|уровень: 0.289437| id: 219
255,Solimar skirt,Solimar pants|уровень: 0.356276| id: 222,Solimar shorts|уровень: 0.345690| id: 223,Duway skirt|уровень: 0.193501| id: 283
256,Sol patrol shirt,S/s sol patrol shirt|уровень: 0.505255| id: 226,Sun shelter shirt|уровень: 0.159921| id: 227,L/s sol patrol shirt|уровень: 0.119417| id: 477
257,Sport top,Active classic cami|уровень: 0.382989| id: 300,Active mesh bra|уровень: 0.156919| id: 155,Active boy shorts|уровень: 0.119847| id: 298
258,Meridian board shorts,Girona board shorts|уровень: 0.555213| id: 286,Wavefarer board shorts|уровень: 0.265257| id: 324,Twenty-three's board shorts|уровень: 0.111243| id: 145
259,Merino 1 crew,Merino 1 graphic t-shirt|уровень: 0.954739| id: 199,Merino 1 t-shirt|уровень: 0.939945| id: 264,Merino 1 tank|уровень: 0.920282| id: 200
260,Print paries btm,Solid paries btm|уровень: 0.855269| id: 253,Print adour btm|уровень: 0.288143| id: 290,Solid adour btm|уровень: 0.283136| id: 218
261,Print sunamee btm,Solid sunamee btm|уровень: 0.943514| id: 254,Print bayonne btm|уровень: 0.384236| id: 239,Print banded betina btm|уровень: 0.281475| id: 7
262,R1 full-zip jkt,R1 full-zip jkt|уровень: 0.978969| id: 377,R1 hoody|уровень: 0.362217| id: 104,R1 p/o|уровень: 0.254344| id: 263
263,R1 p/o,R1 p/o|уровень: 0.795936| id: 105,R1 full-zip jkt|уровень: 0.254344| id: 262,R1 full-zip jkt|уровень: 0.254232| id: 377
264,Merino 1 t-shirt,Merino 1 crew|уровень: 0.939945| id: 259,Merino 1 graphic t-shirt|уровень: 0.904668| id: 199,Merino 1 tank|уровень: 0.897054| id: 200
265,Merino 2 bottoms,Merino 2 bottoms|уровень: 0.825274| id: 405,Merino 2 t-shirt|уровень: 0.649995| id: 268,Merino 2 t-shirt|уровень: 0.640479| id: 89
266,Storm light jkt,Storm light jkt|уровень: 0.951259| id: 385,All-time shell|уровень: 0.129438| id: 497,Stretch ascent jkt|уровень: 0.112386| id: 267
267,Stretch ascent jkt,Stretch ascent jkt|уровень: 0.935622| id: 386,Microburst jkt|уровень: 0.126869| id: 414,Storm light jkt|уровень: 0.112386| id: 266
268,Merino 2 t-shirt,Merino 2 crew|уровень: 0.707134| id: 201,Merino 2 t-shirt|уровень: 0.657052| id: 89,Merino 2 bottoms|уровень: 0.649995| id: 265
269,Merino 3 pants,Merino 2 dress|уровень: 0.377734| id: 202,Merino 2 t-shirt|уровень: 0.374135| id: 268,Merino 2 bottoms|уровень: 0.353191| id: 265
270,Morning glory dress,Corinne dress|уровень: 0.351175| id: 277,Morning glory skirt|уровень: 0.337773| id: 271,Bandha dress|уровень: 0.309763| id: 162
271,Morning glory skirt,Morning glory dress|уровень: 0.337773| id: 270,Bandha top|уровень: 0.270501| id: 163,Bandha dress|уровень: 0.239077| id: 162
272,Morning glory tights,Morning glory capris|уровень: 0.643688| id: 204,Bandha top|уровень: 0.225915| id: 163,Morning glory dress|уровень: 0.212302| id: 270
273,Torrentshell jkt,Torrentshell jkt|уровень: 1.000000| id: 326,M10 jkt|уровень: 0.207389| id: 196,M10 jkt|уровень: 0.193979| id: 84
274,Torrentshell pants,Torrentshell pants|уровень: 0.982086| id: 140,Torrentshell pants|уровень: 0.163404| id: 423,Torrentshell jkt|уровень: 0.157890| id: 326
275,Trampoli t-shirt,North coast t-shirt|уровень: 0.602941| id: 287,Dala horse t-shirt|уровень: 0.569819| id: 176,Ditch the car-ride t-shirt|уровень: 0.554444| id: 177
276,Cap 4 zip neck,Cap 4 zip neck|уровень: 0.710508| id: 445,Cap 4 bottoms|уровень: 0.468970| id: 24,Cap 4 bottoms|уровень: 0.465980| id: 175
277,Corinne dress,Morning glory dress|уровень: 0.351175| id: 270,Bandha dress|уровень: 0.304164| id: 162,Morning glory skirt|уровень: 0.175196| id: 271
278,Cotton fleece hoody,Elias fz sweatshirt|уровень: 0.154501| id: 37,Margot dress|уровень: 0.126501| id: 198,Reversible phone home|уровень: 0.125496| id: 400
279,Nano puff p/o,Nano puff p/o|уровень: 0.824133| id: 457,Micro puff vest|уровень: 0.131551| id: 415,Micro puff vest|уровень: 0.131461| id: 203
280,Nine trails jkt,Nine trails jkt|уровень: 0.934679| id: 95,Nine trails vest|уровень: 0.459271| id: 363,Nine trails vest|уровень: 0.458206| id: 209
281,Down sweater vest,Down sweater vest|уровень: 0.877055| id: 34,Down sweater|уровень: 0.383240| id: 472,Down sweater|уровень: 0.335786| id: 178
282,Drift shirt,Fezzman shirt|уровень: 0.150134| id: 39,Vasana top|уровень: 0.105712| id: 294,S/s a/c shirt|уровень: 0.093091| id: 224
283,Duway skirt,Solimar skirt|уровень: 0.193501| id: 255,Girl's boardie capris|уровень: 0.094690| id: 44,Inter-continental shorts|уровень: 0.090457| id: 305
284,Ester top,Elsa tunic|уровень: 0.279870| id: 181,Elsa top|уровень: 0.252790| id: 180,S/s a/c shirt|уровень: 0.090774| id: 224
285,Freedom to roam t-shirt,Freedom to roam t-shirt|уровень: 1.000000| id: 491,World trout t-shirt|уровень: 0.213261| id: 151,Iceberg t-shirt|уровень: 0.190055| id: 55
286,Girona board shorts,Meridian board shorts|уровень: 0.555213| id: 258,Wavefarer board shorts|уровень: 0.218005| id: 324,Wavefarer board shorts-21 in.|уровень: 0.080219| id: 394
287,North coast t-shirt,Trampoli t-shirt|уровень: 0.602941| id: 275,Ditch the car-ride t-shirt|уровень: 0.519451| id: 177,Butterfly logo t-shirt|уровень: 0.494246| id: 169
288,Owlin around t-shirt,Wheat t-shirt|уровень: 0.622864| id: 236,Kite town t-shirt|уровень: 0.613859| id: 314,Hills t-shirt|уровень: 0.600199| id: 184
289,Pinback top,Retro grade pants|уровень: 0.095849| id: 111,Vasana top|уровень: 0.091540| id: 294,Hotline top|уровень: 0.091405| id: 291
290,Print adour btm,Solid adour btm|уровень: 0.916554| id: 218,Print bayonne btm|уровень: 0.379153| id: 239,Print paries btm|уровень: 0.288143| id: 260
291,Hotline top,Vasana top|уровень: 0.345435| id: 294,Undercover cami|уровень: 0.218910| id: 232,Astrid tank|уровень: 0.104548| id: 161
292,Houdini full-zip jkt,Houdini full-zip jkt|уровень: 0.957925| id: 404,Down sweater|уровень: 0.106899| id: 472,Down sweater|уровень: 0.103147| id: 178
293,Inga shortie,Inga shorts|уровень: 0.773543| id: 185,Super cali shorts|уровень: 0.157343| id: 228,All-wear shorts|уровень: 0.136251| id: 499
294,Vasana top,Hotline top|уровень: 0.345435| id: 291,S/s a/c shirt|уровень: 0.130510| id: 224,Sleeveless a/c shirt|уровень: 0.121813| id: 217
295,Versatili-tee,Versatiliti tee|уровень: 0.335439| id: 345,Versatiliti cardi|уровень: 0.328352| id: 296,Versatiliti tank|уровень: 0.321103| id: 297
296,Versatiliti cardi,Versatili-tee|уровень: 0.328352| id: 295,Versatiliti tank|уровень: 0.257435| id: 297,Versatiliti tee|уровень: 0.161587| id: 345
297,Versatiliti tank,Versatili-tee|уровень: 0.321103| id: 295,Versatiliti cardi|уровень: 0.257435| id: 296,Versatiliti tee|уровень: 0.182453| id: 345
298,Active boy shorts,Active briefs|уровень: 0.384971| id: 299,Active hipster|уровень: 0.236314| id: 154,Active mesh bra|уровень: 0.139565| id: 155
299,Active briefs,Active hipster|уровень: 0.640783| id: 154,Active boy shorts|уровень: 0.384971| id: 298,Active sport boxer briefs|уровень: 0.140213| id: 1
300,Active classic cami,Sport top|уровень: 0.382989| id: 257,Active mesh bra|уровень: 0.206813| id: 155,Undercover cami|уровень: 0.154561| id: 232
301,All-time shell,Microburst jkt|уровень: 0.157159| id: 414,All-time shell|уровень: 0.155398| id: 497,Rain shadow trench coat|уровень: 0.136429| id: 351
302,All-wear capris,All-wear cargo shorts|уровень: 0.183928| id: 498,All-wear shorts|уровень: 0.162637| id: 499,Custodian pants|уровень: 0.160422| id: 31
303,All weather capris,All weather training top|уровень: 0.207109| id: 157,Multi use shorts|уровень: 0.157595| id: 206,Multi use skirt|уровень: 0.135428| id: 207
304,Inter-continental pants,Inter-continental pants|уровень: 0.983258| id: 187,Inter-continental capris|уровень: 0.416627| id: 186,Inter-continental shorts|уровень: 0.393424| id: 305
305,Inter-continental shorts,Inter-continental capris|уровень: 0.528468| id: 186,Inter-continental pants|уровень: 0.397101| id: 187,Inter-continental pants|уровень: 0.393424| id: 304
306,Island hemp dress,Island hemp top|уровень: 0.372813| id: 190,Island hemp skirt|уровень: 0.283999| id: 189,Island hemp pants|уровень: 0.205555| id: 188
307,Alpine wind jkt,Alpine wind jkt|уровень: 0.970987| id: 4,Multi use shorts|уровень: 0.075350| id: 206,Nine trails shorts|уровень: 0.066241| id: 96
308,Aravis 1/4 zip,Aravis jkt|уровень: 0.536791| id: 160,Aravis hoody|уровень: 0.350199| id: 159,Better sweater jkt|уровень: 0.163505| id: 165
309,Astrid top,Astrid tank|уровень: 0.582732| id: 161,Astrid wrap|уровень: 0.357132| id: 310,L/s gravi-tee|уровень: 0.148760| id: 336
310,Astrid wrap,Astrid top|уровень: 0.357132| id: 309,Astrid tank|уровень: 0.324548| id: 161,L/s gravi-tee|уровень: 0.191208| id: 336
311,Baggies shorts,Girl's baggies shorts|уровень: 0.222702| id: 427,Baby baggies shorts|уровень: 0.219145| id: 465,Baby baggies apron dress|уровень: 0.167770| id: 464
312,Kamala dress,Lithia dress|уровень: 0.371226| id: 191,Kamala skirt|уровень: 0.293254| id: 313,Lithia pants|уровень: 0.257417| id: 192
313,Kamala skirt,Lithia skirt|уровень: 0.628760| id: 193,Lithia pants|уровень: 0.337114| id: 192,Kamala dress|уровень: 0.293254| id: 312
314,Kite town t-shirt,Birdwalk t-shirt|уровень: 0.621010| id: 166,Owlin around t-shirt|уровень: 0.613859| id: 288,Hills t-shirt|уровень: 0.565045| id: 184
315,Barely bra (a/b),Barely bikini|уровень: 0.552321| id: 164,Barely everyday bra (b/c)|уровень: 0.452134| id: 316,Barely hipster|уровень: 0.436224| id: 317
316,Barely everyday bra (b/c),Barely bikini|уровень: 0.466437| id: 164,Barely bra (a/b)|уровень: 0.452134| id: 315,Barely hipster|уровень: 0.440021| id: 317
317,Barely hipster,Barely bikini|уровень: 0.622367| id: 164,Barely everyday bra (b/c)|уровень: 0.440021| id: 316,Barely bra (a/b)|уровень: 0.436224| id: 315
318,Symmetry w16 poster,Lead an examined life poster|уровень: 0.871191| id: 68,Going big in b.c. poster|уровень: 0.776706| id: 47,Wyoming climbing poster|уровень: 0.775072| id: 237
319,Synch snap-t,Synch vest|уровень: 0.128226| id: 320,Synch vest|уровень: 0.121433| id: 229,El cap jkt|уровень: 0.099900| id: 179
320,Synch vest,Synch vest|уровень: 0.301102| id: 229,Synch marsupial|уровень: 0.205022| id: 65,Baby synch vest|уровень: 0.138992| id: 474
321,Tarpon t-shirt,The more you know t-shirt|уровень: 0.477769| id: 138,Vintage logo pkt t-shirt|уровень: 0.368719| id: 346,Birdwalk t-shirt|уровень: 0.368531| id: 166
322,Vitaliti vee,Vitaliti tank|уровень: 0.304064| id: 235,Vitaliti dress|уровень: 0.263052| id: 233,Vitaliti skirt|уровень: 0.256885| id: 234
323,Vitalti pants,Vitaliti dress|уровень: 0.269208| id: 233,Vitaliti vee|уровень: 0.240197| id: 322,Vitaliti skirt|уровень: 0.217226| id: 234
324,Wavefarer board shorts,Meridian board shorts|уровень: 0.265257| id: 258,Girona board shorts|уровень: 0.218005| id: 286,Wavefarer board shorts-21 in.|уровень: 0.158575| id: 394
325,Thrift shorts,Delivery shorts|уровень: 0.148160| id: 33,S/s puckerware shirt|уровень: 0.128903| id: 126,Fezzman shirt|уровень: 0.107447| id: 39
326,Torrentshell jkt,Torrentshell jkt|уровень: 1.000000| id: 326,M10 jkt|уровень: 0.207389| id: 196,M10 jkt|уровень: 0.193979| id: 84
327,Borderless pants,Borderless capris|уровень: 0.602311| id: 167,Borderless zip-off pants|уровень: 0.600613| id: 329,Borderless shorts|уровень: 0.397622| id: 328
328,Borderless shorts,Borderless zip-off pants|уровень: 0.418140| id: 329,Borderless capris|уровень: 0.415582| id: 167,Borderless pants|уровень: 0.397622| id: 327
329,Borderless zip-off pants,Borderless capris|уровень: 0.626626| id: 167,Borderless pants|уровень: 0.600613| id: 327,Borderless shorts|уровень: 0.418140| id: 328
330,Traverse pants,Traverse jkt|уровень: 0.259115| id: 142,Traverse jkt|уровень: 0.253105| id: 231,Nine trails shorts|уровень: 0.119521| id: 96
331,Traversing auguille d'entreves,Flyfishing the athabasca poster|уровень: 0.844382| id: 489,Going big in b.c. poster|уровень: 0.791290| id: 47,Wyoming climbing poster|уровень: 0.789626| id: 237
332,Trout head t-shirt,Live simply pelican t-shirt|уровень: 0.436918| id: 335,Planer t-shirt|уровень: 0.394708| id: 101,Peregrine t-shirt|уровень: 0.367448| id: 371
333,Live simply deer t-shirt,Live simply deer t-shirt|уровень: 0.830653| id: 71,Live simply pelican t-shirt|уровень: 0.515921| id: 335,Dala horse t-shirt|уровень: 0.429229| id: 176
334,Live simply guitar t-shirt,Live simply guitar t-shirt|уровень: 0.887576| id: 72,Trampoli t-shirt|уровень: 0.426192| id: 275,Live simply pelican t-shirt|уровень: 0.426070| id: 335
335,Live simply pelican t-shirt,Live simply deer t-shirt|уровень: 0.515921| id: 333,North coast t-shirt|уровень: 0.453531| id: 287,Trampoli t-shirt|уровень: 0.441295| id: 275
336,L/s gravi-tee,Gravitee tank|уровень: 0.343510| id: 182,Astrid wrap|уровень: 0.191208| id: 310,Mandeville hoody|уровень: 0.159376| id: 197
337,Ultra hw mountaineering socks,Mw hiking crew socks|уровень: 0.456647| id: 456,Lw hiking crew socks|уровень: 0.301741| id: 80,Lw everyday socks|уровень: 0.285620| id: 382
338,Ultra lw endurance ped socks,Lw endurance quarter socks|уровень: 0.616365| id: 79,Lw endurance ankle socks|уровень: 0.564978| id: 78,Lw hiking crew socks|уровень: 0.284738| id: 80
339,Cap 1 graphic t-shirt,Cap 1 graphic t-shirt|уровень: 0.698879| id: 19,Cap 1 t-shirt|уровень: 0.626649| id: 171,Cap 1 graphic crew|уровень: 0.571096| id: 487
340,Cap 1 scoop,Cap 1 crew|уровень: 0.584329| id: 486,Cap 1 t-shirt|уровень: 0.544387| id: 171,Cap 1 t-shirt|уровень: 0.484038| id: 20
341,Riverwalker vest,Guidewater vest|уровень: 0.492140| id: 52,Pack vest|уровень: 0.090424| id: 367,Double haul|уровень: 0.071026| id: 471
342,Rock guide pants,Rock guide shorts|уровень: 0.377170| id: 114,Rock guide pants|уровень: 0.366258| id: 212,Rock guide shorts|уровень: 0.161752| id: 213
343,Velocity visor,Velocity cap|уровень: 0.500125| id: 148,Logo visor|уровень: 0.454228| id: 448,Bimini cap|уровень: 0.360329| id: 478
344,Versatiliti polo,Versatiliti tee|уровень: 0.332046| id: 345,Versatili-tee|уровень: 0.203604| id: 295,Versatiliti tank|уровень: 0.169451| id: 297
345,Versatiliti tee,Versatili-tee|уровень: 0.335439| id: 295,Versatiliti polo|уровень: 0.332046| id: 344,Versatiliti tank|уровень: 0.182453| id: 297
346,Vintage logo pkt t-shirt,Organic logo t-shirt|уровень: 0.410674| id: 97,The more you know t-shirt|уровень: 0.392677| id: 138,Mountain island t-shirt|уровень: 0.387767| id: 94
347,Runshade t-shirt,Runshade t-shirt|уровень: 0.777504| id: 244,Runshade top|уровень: 0.490587| id: 116,L/s runshade top|уровень: 0.418723| id: 476
348,Shelled insulator pants,Insulator pants|уровень: 0.252558| id: 56,Alpine guide pants|уровень: 0.086714| id: 158,Rock guide pants|уровень: 0.078134| id: 342
349,Shop pants,Shop pants|уровень: 0.993439| id: 118,Shop pants|уровень: 0.982248| id: 117,Custodian pants|уровень: 0.124125| id: 31
350,Rain shadow pants,Rain shadow pants|уровень: 0.998546| id: 106,Rain shadow jkt|уровень: 0.384061| id: 211,Rain shadow jkt|уровень: 0.381580| id: 381
351,Rain shadow trench coat,Rain shadow pants|уровень: 0.255788| id: 106,Rain shadow pants|уровень: 0.255417| id: 350,Rain shadow jkt|уровень: 0.232815| id: 211
352,Simple guide pants,Simple guide pants|уровень: 0.776623| id: 216,Rock guide pants|уровень: 0.159671| id: 342,Simple guide jkt|уровень: 0.134212| id: 215
353,Single shot,Daily grind|уровень: 0.782523| id: 463,Lightwire brief|уровень: 0.249302| id: 436,Crosstown|уровень: 0.230474| id: 30
354,Watermaster waders,Watermaster waders|уровень: 0.989958| id: 152,Watermaster waders|уровень: 0.989845| id: 153,Watermaster waders|уровень: 0.986825| id: 366
355,S/s a/c shirt,S/s puckerware shirt|уровень: 0.223129| id: 126,S/s a/c shirt|уровень: 0.221857| id: 224,Sleeveless a/c shirt|уровень: 0.179227| id: 217
356,S/s casitas shirt,Fezzman shirt|уровень: 0.296703| id: 39,S/s a/c shirt|уровень: 0.146446| id: 355,S/s pragmatist shirt|уровень: 0.121820| id: 125
357,S/s el ray shirt,L/s el ray shirt|уровень: 0.709070| id: 450,Fezzman shirt|уровень: 0.126034| id: 39,Sun shelter shirt|уровень: 0.109071| id: 227
358,Cap 2 cap sleeve,Cap 2 t-shirt|уровень: 0.762489| id: 359,Cap 2 t-shirt|уровень: 0.668994| id: 21,Cap 2 crew|уровень: 0.614051| id: 496
359,Cap 2 t-shirt,Cap 2 cap sleeve|уровень: 0.762489| id: 358,Cap 2 t-shirt|уровень: 0.736129| id: 21,Cap 2 crew|уровень: 0.651154| id: 496
360,S/s rashguard,L/s rashguard|уровень: 0.930080| id: 76,L/s hooded rashguard|уровень: 0.604728| id: 74,S/s rashguard|уровень: 0.372025| id: 225
361,S/s sol patrol shirt,L/s sol patrol shirt|уровень: 0.664328| id: 477,S/s sol patrol shirt|уровень: 0.159050| id: 226,Sol patrol shirt|уровень: 0.118228| id: 256
362,S/s squeaky clean polo shirt,Reversible phone home|уровень: 0.176528| id: 400,Hooded monk sweatshirt|уровень: 0.140095| id: 403,Simply organic polo|уровень: 0.135583| id: 247
363,Nine trails vest,Nine trails vest|уровень: 0.997683| id: 209,Nine trails jkt|уровень: 0.459271| id: 280,Nine trails jkt|уровень: 0.450653| id: 95
364,Organic cotton boxers,Cap 1 boxer briefs|уровень: 0.133286| id: 18,Active boxer briefs|уровень: 0.088373| id: 493,Active classic boxers|уровень: 0.087667| id: 0
365,Organic cotton under tee,Fitz roy study t-shirt|уровень: 0.269528| id: 488,Planer t-shirt|уровень: 0.240475| id: 101,Yosemite essence t-shirt|уровень: 0.240354| id: 238
366,Watermaster waders,Watermaster waders|уровень: 0.987458| id: 152,Watermaster waders|уровень: 0.987346| id: 153,Watermaster waders|уровень: 0.986825| id: 354
367,Pack vest,Hip chest pack|уровень: 0.177166| id: 54,Double haul|уровень: 0.170928| id: 471,Lightwire|уровень: 0.122722| id: 435
368,Stand up shorts-5 in.,Stand up shorts-5 in.|уровень: 1.000000| id: 368,All-wear shorts|уровень: 0.108394| id: 499,All-wear cargo shorts|уровень: 0.099463| id: 498
369,Stand up shorts-7 in.,Stand up shorts-5 in.|уровень: 1.000000| id: 368,All-wear shorts|уровень: 0.108394| id: 499,All-wear cargo shorts|уровень: 0.099463| id: 498
370,Sticks 'n stones morocco poster,Going big in b.c. poster|уровень: 0.841103| id: 47,Wyoming climbing poster|уровень: 0.839334| id: 237,"Wild steelhead, alaska poster|уровень: 0.810071| id: 395"
371,Peregrine t-shirt,Fish frenzy t-shirt|уровень: 0.461839| id: 40,Trout head t-shirt|уровень: 0.367448| id: 332,Live simply pelican t-shirt|уровень: 0.331112| id: 335
372,Permit silhouette t-shirt,Trout silhouette t-shirt|уровень: 0.409433| id: 143,Trout head t-shirt|уровень: 0.353645| id: 332,Yosemite essence t-shirt|уровень: 0.338824| id: 238
373,Pique fleece 1/4 zip,Aravis 1/4 zip|уровень: 0.108755| id: 308,Araveto 1/4 zip jkt|уровень: 0.075304| id: 458,Better sweater jkt|уровень: 0.073079| id: 13
374,Pique vitaliti polo shirt,Polo shirt|уровень: 0.165229| id: 375,Vitaliti vee|уровень: 0.083231| id: 322,Vitaliti tank|уровень: 0.079470| id: 235
375,Polo shirt,Pique vitaliti polo shirt|уровень: 0.165229| id: 374,Simply organic polo|уровень: 0.119826| id: 247,Simply organic tank|уровень: 0.101710| id: 248
376,Quiet please t-shirt,World according to bikers t-shir|уровень: 0.431796| id: 150,Trout head t-shirt|уровень: 0.274301| id: 332,Future of the earth t-shirt|уровень: 0.269369| id: 422
377,R1 full-zip jkt,R1 full-zip jkt|уровень: 0.978969| id: 262,R1 hoody|уровень: 0.362056| id: 104,R1 p/o|уровень: 0.254232| id: 263
378,Lw guide pants,Lw guide pants|уровень: 0.928372| id: 383,Rock guide shorts|уровень: 0.120983| id: 114,Simple guide pants|уровень: 0.111542| id: 352
379,Lw r4 jkt,Lw r4 jkt|уровень: 0.942544| id: 81,R1 p/o|уровень: 0.093195| id: 105,R2 jkt|уровень: 0.091862| id: 380
380,R2 jkt,R2 jkt|уровень: 0.926609| id: 210,Lw r4 jkt|уровень: 0.105022| id: 81,Lw r4 jkt|уровень: 0.091862| id: 379
381,Rain shadow jkt,Rain shadow jkt|уровень: 0.933376| id: 211,Rain shadow pants|уровень: 0.382136| id: 106,Rain shadow pants|уровень: 0.381580| id: 350
382,Lw everyday socks,Ultra hw mountaineering socks|уровень: 0.285620| id: 337,Lw hiking crew liner socks|уровень: 0.274919| id: 384,Ulw hiking crew socks|уровень: 0.269788| id: 147
383,Lw guide pants,Lw guide pants|уровень: 0.928372| id: 378,Rock guide shorts|уровень: 0.128835| id: 114,Rock guide pants|уровень: 0.120328| id: 212
384,Lw hiking crew liner socks,Lw everyday socks|уровень: 0.274919| id: 382,Lw hiking crew socks|уровень: 0.266670| id: 80,Lw endurance ankle socks|уровень: 0.259882| id: 78
385,Storm light jkt,Storm light jkt|уровень: 0.951259| id: 266,All-time shell|уровень: 0.121356| id: 497,Stretch ascent jkt|уровень: 0.106052| id: 267
386,Stretch ascent jkt,Stretch ascent jkt|уровень: 0.935622| id: 267,Microburst jkt|уровень: 0.116312| id: 414,Storm light jkt|уровень: 0.107799| id: 266
387,Lw sun hoody,Sun mask|уровень: 0.140727| id: 410,Sunshade hoody|уровень: 0.112006| id: 418,Baby sunshade top|уровень: 0.092370| id: 10
388,Lw travel courier,Lw travel pack|уровень: 0.389023| id: 83,Lw travel duffel|уровень: 0.369153| id: 82,Lw travel tote|уровень: 0.319955| id: 393
389,Reg fit organic ctn jeans-short,Reg fit organic ctn jeans-long|уровень: 0.985474| id: 107,Reg fit organic ctn jeans-reg|уровень: 0.985474| id: 108,Relax fit organic ctn jeans-shor|уровень: 0.309985| id: 109
390,Relax fit organic ctn jeans-long,Relax fit organic ctn jeans-shor|уровень: 0.984554| id: 109,Relax fit organic ctn jeans-reg|уровень: 0.969347| id: 391,Reg fit organic ctn jeans-long|уровень: 0.330497| id: 107
391,Relax fit organic ctn jeans-reg,Relax fit organic ctn jeans-shor|уровень: 0.984554| id: 109,Relax fit organic ctn jeans-long|уровень: 0.969347| id: 390,Reg fit organic ctn jeans-reg|уровень: 0.330497| id: 108
392,Lw travel sling,Lw travel courier|уровень: 0.179771| id: 388,Lw travel tote|уровень: 0.176865| id: 393,Lw travel pack|уровень: 0.159416| id: 83
393,Lw travel tote,Lw travel pack|уровень: 0.500075| id: 83,Lw travel duffel|уровень: 0.375670| id: 82,Lw travel courier|уровень: 0.319955| id: 388
394,Wavefarer board shorts-21 in.,Twenty-three's board shorts|уровень: 0.667891| id: 145,Minimalist board shorts-19 in.|уровень: 0.506408| id: 91,River shorts|уровень: 0.167320| id: 401
395,"Wild steelhead, alaska poster",Going big in b.c. poster|уровень: 0.825701| id: 47,Wyoming climbing poster|уровень: 0.823965| id: 237,Sticks 'n stones morocco poster|уровень: 0.810071| id: 370
396,Wind path t-shirt,Iceberg t-shirt|уровень: 0.413128| id: 55,Squid t-shirt|уровень: 0.403650| id: 123,Flying fish 2 t-shirt|уровень: 0.380682| id: 490
397,Marlwalker,Riverwalker|уровень: 0.699878| id: 419,Riverwalker|уровень: 0.574723| id: 112,Riverwalker|уровень: 0.567188| id: 113
398,Marlwalker pants,Paddler board shorts|уровень: 0.121261| id: 99,Guidewater shorts|уровень: 0.108345| id: 51,Guidewater pants|уровень: 0.096085| id: 443
399,Retro grade shorts,Retro grade pants|уровень: 0.595856| id: 111,Delivery shorts|уровень: 0.087355| id: 33,Compound cargo shorts|уровень: 0.083636| id: 452
400,Reversible phone home,Hooded monk sweatshirt|уровень: 0.177075| id: 403,S/s squeaky clean polo shirt|уровень: 0.176528| id: 362,Cotton fleece hoody|уровень: 0.125496| id: 278
401,River shorts,Baggies shorts|уровень: 0.250181| id: 11,Minimalist board shorts-19 in.|уровень: 0.185234| id: 91,Twenty-three's board shorts|уровень: 0.174010| id: 145
402,Hip pack,Pocket pack|уровень: 0.286333| id: 103,Atom|уровень: 0.267980| id: 6,Lightwire|уровень: 0.179725| id: 435
403,Hooded monk sweatshirt,Reversible phone home|уровень: 0.177075| id: 400,S/s squeaky clean polo shirt|уровень: 0.140095| id: 362,Micro d-luxe cardigan|уровень: 0.106637| id: 416
404,Houdini full-zip jkt,Houdini full-zip jkt|уровень: 0.957925| id: 292,Nine trails jkt|уровень: 0.094460| id: 280,Nine trails jkt|уровень: 0.093340| id: 95
405,Merino 2 bottoms,Merino 2 bottoms|уровень: 0.825274| id: 265,Merino 2 t-shirt|уровень: 0.652360| id: 89,Merino 2 t-shirt|уровень: 0.645377| id: 268
406,Merino 2 crew,Merino 2 t-shirt|уровень: 0.737791| id: 89,Merino 2 crew|уровень: 0.631101| id: 201,Merino 2 t-shirt|уровень: 0.615160| id: 268
407,Baggies shorts,Girl's baggies shorts|уровень: 0.345252| id: 427,Baby baggies shorts|уровень: 0.237595| id: 465,Baby baggies apron dress|уровень: 0.170051| id: 464
408,Boardie shorts,Girl's boardie shorts|уровень: 0.642195| id: 45,Girl's boardie capris|уровень: 0.164617| id: 44,Duway skirt|уровень: 0.088846| id: 283
409,Sun glove,Girl's beach skirt|уровень: 0.076037| id: 428,L/s hooded rashguard|уровень: 0.075656| id: 74,L/s rashguard|уровень: 0.074708| id: 194
410,Sun mask,Lw sun hoody|уровень: 0.140727| id: 387,Runshade t-shirt|уровень: 0.091001| id: 244,Runshade t-shirt|уровень: 0.087574| id: 347
411,Sunshade shirt,Sunshade hoody|уровень: 0.102031| id: 418,Baby sunshade top|уровень: 0.094708| id: 10,Runshade t-shirt|уровень: 0.094507| id: 347
412,Cap 3 crew,Cap 3 bottoms|уровень: 0.451042| id: 60,Cap 1 graphic tee|уровень: 0.149222| id: 59,Cap 2 crew|уровень: 0.142942| id: 496
413,Duality jkt,Baby duality jkt|уровень: 0.508156| id: 468,Torrentshell jkt|уровень: 0.099800| id: 66,Micro puff vest|уровень: 0.060753| id: 203
414,Microburst jkt,Rain shadow jkt|уровень: 0.171909| id: 381,Ascensionist jkt|уровень: 0.169408| id: 5,All-time shell|уровень: 0.157159| id: 301
415,Micro puff vest,Micro puff vest|уровень: 0.935567| id: 203,Down sweater vest|уровень: 0.153292| id: 34,Down sweater|уровень: 0.145721| id: 178
416,Micro d-luxe cardigan,Baby micro d-luxe cardigan|уровень: 0.377210| id: 8,El cap jkt|уровень: 0.116663| id: 179,Hooded monk sweatshirt|уровень: 0.106637| id: 403
417,Rashguard,L/s rashguard|уровень: 0.198385| id: 194,L/s rashguard|уровень: 0.188601| id: 76,S/s rashguard|уровень: 0.188298| id: 360
418,Sunshade hoody,Baby sunshade top|уровень: 0.368855| id: 10,Migration hemp shirt|уровень: 0.152619| id: 90,Lw sun hoody|уровень: 0.112006| id: 387
419,Riverwalker,Riverwalker|уровень: 0.908747| id: 112,Riverwalker|уровень: 0.892922| id: 113,Marlwalker|уровень: 0.699878| id: 397
420,Freewheeler max,Freewheeler|уровень: 0.808340| id: 41,Mlc wheelie|уровень: 0.182453| id: 93,Mlc|уровень: 0.125181| id: 429
421,Friction belt,Travel belt|уровень: 0.456336| id: 141,Tech web belt|уровень: 0.301909| id: 136,O web belt|уровень: 0.205746| id: 98
422,Future of the earth t-shirt,City by the sea t-shirt|уровень: 0.399615| id: 25,Flying fish 2 t-shirt|уровень: 0.337214| id: 490,Fish frenzy t-shirt|уровень: 0.335504| id: 40
423,Torrentshell pants,Torrentshell jkt|уровень: 0.232277| id: 66,Torrentshell pants|уровень: 0.164162| id: 140,Torrentshell pants|уровень: 0.163404| id: 274
424,Trim brim hat,Baby sun bucket hat|уровень: 0.377305| id: 9,Girl's baggies shorts|уровень: 0.164142| id: 427,Bucket hat|уровень: 0.144782| id: 16
425,Trucker hat,Trucker hat|уровень: 0.498094| id: 144,Velocity visor|уровень: 0.083749| id: 343,Lw everyday socks|уровень: 0.071450| id: 382
426,Gi ii zip-off pants,Gi ii pants|уровень: 0.526590| id: 42,Gi ii shorts|уровень: 0.375450| id: 43,Borderless trek zip-off pants|уровень: 0.195126| id: 484
427,Girl's baggies shorts,Baggies shorts|уровень: 0.345252| id: 407,Baby baggies shorts|уровень: 0.314086| id: 465,Baby baggies apron dress|уровень: 0.240740| id: 464
428,Girl's beach skirt,Girl's two-piece set|уровень: 0.182173| id: 434,Girl's t-back one piece|уровень: 0.105282| id: 433,Morning glory tights|уровень: 0.097999| id: 272
429,Mlc,Mlc wheelie|уровень: 0.314703| id: 93,Mlc burrito|уровень: 0.190179| id: 430,Lightwire brief|уровень: 0.161957| id: 436
430,Mlc burrito,Mlc|уровень: 0.190179| id: 429,Minimass|уровень: 0.186269| id: 92,Single shot|уровень: 0.157747| id: 353
431,Girl's live simply deer t-shirt,Girl's live simply seal t-shirt|уровень: 0.908067| id: 432,Gpiw classic t-shirt|уровень: 0.902774| id: 63,'73 logo t-shirt|уровень: 0.893343| id: 57
432,Girl's live simply seal t-shirt,Girl's live simply deer t-shirt|уровень: 0.908067| id: 431,Gpiw classic t-shirt|уровень: 0.898674| id: 63,'73 logo t-shirt|уровень: 0.889286| id: 57
433,Girl's t-back one piece,Girl's two-piece set|уровень: 0.173030| id: 434,Girl's beach skirt|уровень: 0.105282| id: 428,Solid bibiana 1 piece|уровень: 0.103640| id: 220
434,Girl's two-piece set,Girl's beach skirt|уровень: 0.182173| id: 428,Girl's t-back one piece|уровень: 0.173030| id: 433,Print bibiana tankini|уровень: 0.094838| id: 240
435,Lightwire,Lightwire brief|уровень: 0.368495| id: 436,Pocket pack|уровень: 0.308761| id: 103,Crosstown|уровень: 0.307259| id: 30
436,Lightwire brief,Lightwire|уровень: 0.368495| id: 435,Crosstown|уровень: 0.309688| id: 30,Single shot|уровень: 0.249302| id: 353
437,Guide jkt,Guide jkt|уровень: 0.909539| id: 183,Ascensionist jkt|уровень: 0.251258| id: 5,Microburst jkt|уровень: 0.127617| id: 414
438,Guidewater duffle,Guidewater duffle|уровень: 0.816528| id: 49,Stormfront pack|уровень: 0.130537| id: 130,Pack vest|уровень: 0.074922| id: 367
439,Cap 3 bottoms,Cap 3 bottoms|уровень: 0.707279| id: 441,Cap 3 crew|уровень: 0.632833| id: 442,Cap 3 crew|уровень: 0.608631| id: 440
440,Cap 3 crew,Cap 3 crew|уровень: 0.784874| id: 442,Cap 3 zip neck|уровень: 0.687407| id: 23,Cap 3 bottoms|уровень: 0.608631| id: 439
441,Cap 3 bottoms,Cap 3 bottoms|уровень: 0.707279| id: 439,Cap 3 crew|уровень: 0.540287| id: 440,Cap 3 crew|уровень: 0.515970| id: 442
442,Cap 3 crew,Cap 3 crew|уровень: 0.784874| id: 440,Cap 3 zip neck|уровень: 0.641206| id: 23,Cap 3 bottoms|уровень: 0.632833| id: 439
443,Guidewater pants,Guidewater shorts|уровень: 0.863315| id: 51,Marlwalker pants|уровень: 0.096085| id: 398,Solimar shorts|уровень: 0.086561| id: 223
444,Guidewater shirt,Guidewater jkt|уровень: 0.102310| id: 50,Girl's baggies shorts|уровень: 0.099019| id: 427,Baby baggies shorts|уровень: 0.094936| id: 465
445,Cap 4 zip neck,Cap 4 zip neck|уровень: 0.710508| id: 276,Cap 4 bottoms|уровень: 0.449686| id: 24,Cap 4 bottoms|уровень: 0.436022| id: 175
446,Caribou north wind t-shirt,Iceberg t-shirt|уровень: 0.388540| id: 55,Cerro torre one t-shirt|уровень: 0.380539| id: 447,Mountain island t-shirt|уровень: 0.371981| id: 94
447,Cerro torre one t-shirt,Rockpile t-shirt|уровень: 0.512497| id: 115,Squid t-shirt|уровень: 0.441466| id: 123,Iceberg t-shirt|уровень: 0.430504| id: 55
448,Logo visor,Velocity visor|уровень: 0.454228| id: 343,Velocity cap|уровень: 0.433629| id: 148,Bimini cap|уровень: 0.402789| id: 478
449,Long haul runners,Ultra shorts|уровень: 0.417437| id: 146,Nine trails shorts|уровень: 0.403285| id: 208,Nine trails shorts|уровень: 0.359433| id: 96
450,L/s el ray shirt,S/s el ray shirt|уровень: 0.709070| id: 357,Fezzman shirt|уровень: 0.109574| id: 39,Sun shelter shirt|уровень: 0.089282| id: 227
451,Compound cargo pants,Compound cargo pants|уровень: 0.995320| id: 26,Compound cargo pants|уровень: 0.987130| id: 27,Compound cargo shorts|уровень: 0.385135| id: 452
452,Compound cargo shorts,Compound cargo pants|уровень: 0.385194| id: 26,Compound cargo pants|уровень: 0.385135| id: 451,Compound cargo pants|уровень: 0.382025| id: 27
453,Continental pants,Continental shorts|уровень: 0.433241| id: 28,Inter-continental shorts|уровень: 0.163707| id: 305,Inter-continental capris|уровень: 0.157967| id: 186
454,Guidewater waders,Guidewater waders|уровень: 0.979668| id: 467,Watermaster waders|уровень: 0.517320| id: 354,Watermaster waders|уровень: 0.513619| id: 152
455,Critical mass,Half mass|уровень: 0.879490| id: 485,Minimass|уровень: 0.175407| id: 92,Daily grind|уровень: 0.139346| id: 463
456,Mw hiking crew socks,Ultra hw mountaineering socks|уровень: 0.456647| id: 337,Lw hiking crew socks|уровень: 0.430619| id: 80,Ulw hiking crew socks|уровень: 0.326440| id: 147
457,Nano puff p/o,Nano puff p/o|уровень: 0.824133| id: 279,Micro puff vest|уровень: 0.144476| id: 415,Micro puff vest|уровень: 0.144116| id: 203
458,Araveto 1/4 zip jkt,Araveto jkt|уровень: 0.417581| id: 460,Araveto hooded jkt|уровень: 0.356004| id: 459,Aravis 1/4 zip|уровень: 0.145934| id: 308
459,Araveto hooded jkt,Araveto jkt|уровень: 0.403434| id: 460,Araveto 1/4 zip jkt|уровень: 0.356004| id: 458,Aravis hoody|уровень: 0.176102| id: 159
460,Araveto jkt,Araveto 1/4 zip jkt|уровень: 0.417581| id: 458,Araveto hooded jkt|уровень: 0.403434| id: 459,Aravis hoody|уровень: 0.128786| id: 159
461,Custodian pants,Custodian pants|уровень: 0.974804| id: 31,Custodian pants|уровень: 0.974502| id: 462,All-wear cargo shorts|уровень: 0.364232| id: 498
462,Custodian pants,Custodian pants|уровень: 0.990628| id: 31,Custodian pants|уровень: 0.974502| id: 461,All-wear cargo shorts|уровень: 0.370145| id: 498
463,Daily grind,Single shot|уровень: 0.782523| id: 353,Lightwire brief|уровень: 0.242398| id: 436,Crosstown|уровень: 0.228802| id: 30
464,Baby baggies apron dress,Baby baggies shorts|уровень: 0.340890| id: 465,Girl's baggies shorts|уровень: 0.240740| id: 427,Baggies shorts|уровень: 0.170051| id: 407
465,Baby baggies shorts,Baby baggies apron dress|уровень: 0.340890| id: 464,Girl's baggies shorts|уровень: 0.314086| id: 427,Baggies shorts|уровень: 0.237595| id: 407
466,Baby circus t-shirt,Baby live simply deer t-shirt|уровень: 0.446800| id: 469,Baby live simply seal t-shirt|уровень: 0.427318| id: 470,Baby tag you're it t-shirt|уровень: 0.387180| id: 475
467,Guidewater waders,Guidewater waders|уровень: 0.979668| id: 454,Watermaster waders|уровень: 0.516629| id: 366,Watermaster waders|уровень: 0.514837| id: 152
468,Baby duality jkt,Duality jkt|уровень: 0.508156| id: 413,Torrentshell jkt|уровень: 0.099604| id: 66,Traverse jkt|уровень: 0.075226| id: 231
469,Baby live simply deer t-shirt,Baby live simply seal t-shirt|уровень: 0.866468| id: 470,Baby circus t-shirt|уровень: 0.446800| id: 466,Baby tag you're it t-shirt|уровень: 0.373707| id: 475
470,Baby live simply seal t-shirt,Baby live simply deer t-shirt|уровень: 0.866468| id: 469,Baby circus t-shirt|уровень: 0.427318| id: 466,Baby tag you're it t-shirt|уровень: 0.357412| id: 475
471,Double haul,Hip chest pack|уровень: 0.394063| id: 54,Pack vest|уровень: 0.170928| id: 367,Stretch wading belt|уровень: 0.100805| id: 132
472,Down sweater,Down sweater|уровень: 0.880004| id: 178,Down sweater vest|уровень: 0.392669| id: 34,Down sweater vest|уровень: 0.383240| id: 281
473,Baby synch cardigan,Baby synch vest|уровень: 0.303092| id: 474,Synch marsupial|уровень: 0.300266| id: 65,Synch vest|уровень: 0.118792| id: 229
474,Baby synch vest,Baby synch cardigan|уровень: 0.303092| id: 473,Synch marsupial|уровень: 0.294084| id: 65,Synch vest|уровень: 0.151969| id: 229
475,Baby tag you're it t-shirt,Baby circus t-shirt|уровень: 0.387180| id: 466,Baby live simply deer t-shirt|уровень: 0.373707| id: 469,Baby live simply seal t-shirt|уровень: 0.357412| id: 470
476,L/s runshade top,Runshade top|уровень: 0.703636| id: 116,Runshade t-shirt|уровень: 0.474912| id: 244,L/s runshade top|уровень: 0.470912| id: 195
477,L/s sol patrol shirt,S/s sol patrol shirt|уровень: 0.664328| id: 361,S/s sol patrol shirt|уровень: 0.138176| id: 226,Sol patrol shirt|уровень: 0.119417| id: 256
478,Bimini cap,Logo visor|уровень: 0.402789| id: 448,Velocity visor|уровень: 0.360329| id: 343,Velocity cap|уровень: 0.337269| id: 148
479,Borderless messenger shorts,Borderless trek pants|уровень: 0.572937| id: 483,Borderless trek zip-off pants|уровень: 0.447010| id: 484,Borderless shorts-7 in.|уровень: 0.433655| id: 15
480,Duck pants,Duck pants|уровень: 0.979733| id: 36,Duck pants|уровень: 0.979490| id: 481,Duck shorts|уровень: 0.267954| id: 482
481,Duck pants,Duck pants|уровень: 0.992493| id: 36,Duck pants|уровень: 0.979490| id: 480,Duck shorts|уровень: 0.271444| id: 482
482,Duck shorts,Duck pants|уровень: 0.271512| id: 36,Duck pants|уровень: 0.271444| id: 481,Duck pants|уровень: 0.267954| id: 480
483,Borderless trek pants,Borderless messenger shorts|уровень: 0.572937| id: 479,Borderless trek zip-off pants|уровень: 0.571235| id: 484,Borderless shorts-7 in.|уровень: 0.443933| id: 15
484,Borderless trek zip-off pants,Borderless trek pants|уровень: 0.571235| id: 483,Borderless messenger shorts|уровень: 0.447010| id: 479,Borderless shorts-11 in.|уровень: 0.398745| id: 14
485,Half mass,Critical mass|уровень: 0.879490| id: 455,Minimass|уровень: 0.184545| id: 92,Lightwire brief|уровень: 0.152626| id: 436
486,Cap 1 crew,Cap 1 scoop|уровень: 0.584329| id: 340,Cap 1 t-shirt|уровень: 0.579353| id: 20,Cap 1 graphic crew|уровень: 0.579126| id: 487
487,Cap 1 graphic crew,Cap 1 graphic t-shirt|уровень: 0.676143| id: 19,Cap 1 t-shirt|уровень: 0.585118| id: 20,Cap 1 crew|уровень: 0.579126| id: 486
488,Fitz roy study t-shirt,Planer t-shirt|уровень: 0.359078| id: 101,Yosemite essence t-shirt|уровень: 0.307454| id: 238,North coast t-shirt|уровень: 0.304465| id: 287
489,Flyfishing the athabasca poster,Traversing auguille d'entreves|уровень: 0.844382| id: 331,Symmetry w16 poster|уровень: 0.764255| id: 318,Going big in b.c. poster|уровень: 0.751530| id: 47
490,Flying fish 2 t-shirt,Rockpile t-shirt|уровень: 0.399564| id: 115,Wind path t-shirt|уровень: 0.380682| id: 396,Cerro torre one t-shirt|уровень: 0.372702| id: 447
491,Freedom to roam t-shirt,Freedom to roam t-shirt|уровень: 1.000000| id: 491,World trout t-shirt|уровень: 0.213261| id: 151,Iceberg t-shirt|уровень: 0.190055| id: 55
492,'73 logo t-shirt,Text logo t-shirt|уровень: 0.418548| id: 137,Rockpile t-shirt|уровень: 0.417739| id: 115,Cerro torre one t-shirt|уровень: 0.409473| id: 447
493,Active boxer briefs,Cap 1 boxer briefs|уровень: 0.655374| id: 18,Active briefs|уровень: 0.380999| id: 494,Active classic boxers|уровень: 0.196278| id: 0
494,Active briefs,Active boxer briefs|уровень: 0.380999| id: 493,Cap 1 boxer briefs|уровень: 0.214356| id: 18,Active classic boxers|уровень: 0.162008| id: 0
495,Cap 2 bottoms,Cap 2 bottoms|уровень: 0.734026| id: 172,Cap 2 t-shirt|уровень: 0.393822| id: 21,Cap 2 crew|уровень: 0.391680| id: 496
496,Cap 2 crew,Cap 2 t-shirt|уровень: 0.759144| id: 21,Cap 2 t-shirt|уровень: 0.651154| id: 359,Cap 2 cap sleeve|уровень: 0.614051| id: 358
497,All-time shell,All-time shell|уровень: 0.155398| id: 301,Storm light jkt|уровень: 0.129438| id: 266,Storm light jkt|уровень: 0.121356| id: 385
498,All-wear cargo shorts,Custodian pants|уровень: 0.370260| id: 31,Custodian pants|уровень: 0.370145| id: 462,Custodian pants|уровень: 0.364232| id: 461
499,All-wear shorts,All-wear cargo shorts|уровень: 0.339016| id: 498,Delivery shorts|уровень: 0.244693| id: 33,Custodian pants|уровень: 0.216775| id: 31
